{
    "display": {
        "title": "Daydream",
        "description": "What is this, magic?",
        "icon": {
            "item": "minecraft:nether_star"
        },
        "background": "minecraft:textures/block/black_wool.png",
        "show_toast": true,
        "announce_to_chat": false
        
    },
    "criteria": {
    "grimoire": {
      "trigger": "minecraft:inventory_changed",
      "conditions": {
        "items": [
          {
            "item": "minecraft:written_book",
			"nbt": "{author:\"Unknown\",title:\"The Void, Vol. 1\"}"
          }
        ]
      }
    }
  },
  "requirements": [
    [
      "grimoire"
    ]
  ]
}