{
    "display": {
        "title": "Magic Cauldron",
        "description": "Use the Cauldron",
        "icon": {
			"item": "minecraft:cauldron"
		},
        "show_toast": true,
        "announce_to_chat": true,
		"hidden": false
    },
    "parent": "sp_mag:002_dagger",
	"criteria": {
    "usecauldron": {
      "trigger": "minecraft:inventory_changed",
      "conditions": {
        "items": [
          {
            "item": "minecraft:written_book",
			"nbt": "{author:\"lelkek\",title:\"NotGonnaHappen\"}"
          }
        ]
      }
    }
  },
  "requirements": [
    [
      "usecauldron"
    ]
  ]
}
